title,fullAddress,propertyType,neighborhood,ConstructYear,BedroomBath,RentalType,rented,subsidy,expectedIncome,rentPerToken,rentStartDate,tokenPrice,totalTokens,useOnlyTokens,nonUseTokens,grossRentYear,grossREntMonth,monthlyCost,Property_Management,RealT_Platform,Maintenance_Expenses,Property_Taxes,Insurance,Utilities,underlying_asset_price,op_expense_reimburse,maintenance_reserve,renovation_reserve,admin_fees,unrounded_listing_price,rounding_error,netRentPerMonth,netRentPerYear,totalInvestment,ExpectedIncome,lotSize,foundation,exteriorWalls,roofType,parking,interiorSize,heating,cooling,buildingClass,renovated,propertyManager,identifier,usOnlyTokens,contactAddress,ownerWallet,offeringDate,issuer,minInvestmentAmount,maxInvestmentAmount,amountRaised,offeringPercent
"(D) 11117 Worden St, Detroit, MI 48224","11117 Worden St, Detroit, MI 48224",Single Family,Moross - Morang,1943,2 Bed/ 1 Bath,Long-term,Fully Rented,No,10.38%,$ 4.98 / year,"October 1, 2022",$ 48.03,"1,300",150,1150,"$ 10,800.00",$ 900.00,- $ 360.00,- $ 72.00,- $ 18.00,- $ 110.00,- $ 120.00,- $ 40.00,,"$ 53,000.00","$ 6,244.44","$ 1,800.00","$ 1,000.00",$ 400.00,"$ 62,444.44",- $ 5.44,$ 540.00,"$ 6,480.00","$ 62,439.00",10.38%,"5,227",Masonery,Brick,Asphalt,1 Attached Garage,824,Force Air / Gaz,None,C,Partial,Mutual Property Management LLC,REALTOKEN-D-11117-WORDEN-ST-DETROIT-MI,,https://gnosisscan.io/address/0x9EeA197BF77Fd70F485F25E606b731ce3c510b2C/transactions,https://gnosisscan.io/address/0xc951259f2B6E499f022C77aaeDCabaEADB7e2F7D/transactions,"August 25, 2022","RealToken 11117 Worden St., Inc",$48.03,"$7,204.50","$7,204.50",11.54%
"(D) 11217 Beaconsfield St, Detroit, MI 48224","11217 Beaconsfield St, Detroit, MI 48224",Single Family,Yorkshire Woods,1945,3 Bed / 1 Bath,Long-term,Fully Rented,No,10.03%,$ 4.81 / year,"October 1, 2022",$ 48.01,"1,300",90,1210,"$ 10,620.00",$ 885.00,- $ 363.50,- $ 70.80,- $ 17.70,- $ 110.00,- $ 125.00,- $ 40.00,,"$ 53,500.00","$ 6,241.11","$ 1,770.00",$ 500.00,$ 400.00,"$ 62,411.11",$ 1.89,$ 521.50,"$ 6,258.00","$ 62,413.00",10.03%,"6,229",Masonry,Brick,Asphalt,1 Parking Space,"1,132",Forced Air / Gas,None,C,Yes,Mutual Property Management LLC,REALTOKEN-D-11217-BEACONSFIELD-ST-DETROIT-MI,,https://gnosisscan.io/address/0x8c33B8F55bBaE1770813a9e855CD4C6da327896d/transactions,https://gnosisscan.io/address/0x6068A5798C17d9fCA6a0129cc124a8e3824788cE/transactions,"August 25, 2022","RealToken 11217 Beaconsfield St., Inc.",$48.01,"$4,320.90","$4,320.90",6.92%
"(D) 1418 W Marquette Rd, Chicago, IL 60636","1418 W Marquette Rd, Chicago, IL, 60636",Multi Family,West Englewood,1929,10x1 ; 12x2 Bed / 22x1 Bath,Long-term,Fully Rented,No,8.56%,$ 4.31 / year,"October 1, 2022",$ 50.36,"25,100",1010,24090,"$ 207,900.00","$ 17,325.00","- $ 8,310.00","- $ 1,386.00",- $ 346.50,"- $ 1,992.50","- $ 1,200.00",- $ 850.00,"- $ 2,535.00","$ 1,072,000.00","$ 126,405.56","$ 34,650.00","$ 30,000.00","$ 1,000.00","$ 1,264,055.56",- $ 19.56,"$ 9,015.00","$ 108,180.00","$ 1,264,036.00",8.56%,"10,250",Basement,Brick,Asphalt,Street Parking,"30,320",Forced Air / Gas,None,C,Renovated in 2018,WPD Management LLC,REALTOKEN-D-1418-W-MARQUETTE-RD-CHICAGO-IL,,https://gnosisscan.io/address/0xf8c1ADe28b78678449494114F18a6c1B785BBF76/transactions,https://gnosisscan.io/address/0x6248EF0b31d2aBF206Cd41Ddb5357B401C84C6A7/transactions,"September 1, 2022","RealToken 1418 W Marquette Rd, Inc.",$50.36,"$50,863.60","$50,863.60",4.02%
"(D) 22233 Lyndon St, Detroit, MI 48223","22233 Lyndon St, Detroit, MI 48223",Single Family,Brightmoor,1942,3 Bed/ 1 Bath,Long-term,Fully Rented,No,10.73%,$ 5.39 / year,"October 1, 2022",$ 50.20,"1,300",256,1044,"$ 10,980.00",$ 915.00,- $ 331.50,- $ 73.20,- $ 18.30,- $ 110.00,- $ 90.00,- $ 40.00,,"$ 50,000.00","$ 6,525.56","$ 1,830.00","$ 6,500.00",$ 400.00,"$ 65,255.56",$ 4.44,$ 583.50,"$ 7,002.00","$ 65,260.00",10.73%,"3,920",Masonery,Frame,Asphalt,Driveway,672,Forced Air / Gaz,None,C,Partial,Mutual Property Management LLC,REALTOKEN-D-22233-LYNDON-ST-DETROIT-MI,,https://gnosisscan.io/address/0x30a4E022287aA6bfE9ea96f5ad8482ff9Af8C357/transactions,https://gnosisscan.io/address/0xef53d9e16DcaEAAF302b9fb8501E7E4fa1686A1e/transactions,"August 25, 2022","RealToken 22233 Lyndon St., Inc.",$50.20,"$12,851.20","$12,851.20",19.69%
"(D) 14117 Manning St, Detroit, MI 48205","14117 Manning St, Detroit, MI 48205",Single Family,Mohican Regent,1953,3 Bed / 1 Bath,Long-term,Fully Rented,No,10.47%,$ 5.26 / year,"October 1, 2022",$ 50.26,"1,300",256,1044,"$ 10,800.00",$ 900.00,- $ 330.00,- $ 72.00,- $ 18.00,- $ 110.00,- $ 90.00,- $ 40.00,,"$ 50,000.00","$ 6,533.33","$ 1,800.00","$ 6,600.00",$ 400.00,"$ 65,333.33",$ 4.67,$ 570.00,"$ 6,840.00","$ 65,338.00",10.47%,803,Masonry,Shingle,Asphalt,1 Attached Garage,"4,138",Forced Air / Gas,None,C,Partial,Mutual Property Management LLC,REALTOKEN-D-14117-MANNING-ST-DETROIT,,https://gnosisscan.io/address/0x70fD4CbC25b086693260F0307B29D88eeA4d71B5/transactions,https://gnosisscan.io/address/0xcC79a2043D68205A84543adC4E2b089e6daa6730/transactions,"August 25, 2022","RealToken 14117 Manning St, Inc",$50.26,"$12,866.56","$12,866.56",19.69%
"(D) 14439 Longview St, Detroit, MI 48213","14439 Longview St, Detroit, MI 48213",Single Family,Outer Drive - Hayes,1951,3 Beds / 1 Bath,Long-term,Fully Rented,No,10.02%,$ 4.92 / year,"October 1, 2022",$ 49.14,"1,300",100,1200,"$ 10,740.00",$ 895.00,- $ 361.50,- $ 71.60,- $ 17.90,- $ 110.00,- $ 122.00,- $ 40.00,,"$ 50,000.00","$ 6,387.78","$ 1,790.00","$ 5,300.00",$ 400.00,"$ 63,877.78",$ 4.22,$ 533.50,"$ 6,402.00","$ 63,882.00",10.02%,"4,356",Masonry,Brick,Asphalt,Driveway,908,Forced Air / Gas,None,C,Partial,Mutual Property Management LLC,REALTOKEN-D-14439-LONGVIEW-ST-DETROIT-MI,,https://gnosisscan.io/address/0x795E43d6914C9c391DE268837F437EcDcD77F5E3/transactions,https://gnosisscan.io/address/0xcF0CaE935CcB5C9fD92dD273c2d6d1418fD827B7/transactions,"August 25, 2022","Realtoken 14439 Longview Ave, Inc",$49.14,"$4,914.00","$4,914.00",7.69%
"(D) 9200 Harvard Rd, Detroit, MI 48224","9200 Harvard Rd, Detroit, MI 48224",Single Family,Yorkshire Woods,1939,3 Bed / 1 Bath,Long-term,Fully Rented,No,10.08%,$ 5.01 / year,"October 1, 2022",$ 49.74,"1,300",90,1210,"$ 10,800.00",$ 900.00,- $ 357.00,- $ 72.00,- $ 18.00,- $ 110.00,- $ 117.00,- $ 40.00,,"$ 52,000.00","$ 6,466.67","$ 1,800.00","$ 4,000.00",$ 400.00,"$ 64,666.67",- $ 4.67,$ 543.00,"$ 6,516.00","$ 64,662.00",10.08%,"4,356",Masonry,Brick,Asphalt,1 Garage,900,Forced Air / Gas,None,C,Partial,Mutual Property Management LLC,REALTOKEN-D-9200-HARVARD-RD-DETROIT-MI,,https://gnosisscan.io/address/0xCACd674995bb591E6BbE0177E5404EcD0fa91B55/transactions,https://gnosisscan.io/address/0x1D8807C39Eb38606FEbf753A4b2724322a23f95e/transactions,"August 25, 2022","RealToken 9200 Harvard Rd, Inc",$49.74,"$4,476.60","$4,476.60",6.92%
"15040 Harper Ave, Detroit, MI 48224","15040 Harper Ave, Detroit, MI 48224",Multi Family,Outer Drive,1959,12x1 Bed / 12x1 Bath / Shared kitchen ; 2x1 Bed / 2x1 Bath,Long-term,Fully Rented,No,9.59%,$ 4.86 / year,"May 15, 2023",$ 50.70,"7,200",,,"$ 72,360.00","$ 6,030.00","- $ 3,113.00",- $ 482.40,- $ 120.60,- $ 550.00,"- $ 1,000.00",- $ 160.00,- $ 800.00,"$ 290,000.00","$ 36,506.67","$ 12,060.00","$ 25,000.00","$ 1,500.00","$ 365,066.67",- $ 26.67,"$ 2,917.00","$ 35,004.00","$ 365,040.00",9.59%,"6,098",Masonry Block,Brick,Hip / Gable,,"4,010",Complete HVAC,None,C,Entirely Renovated,Mutual Property Management LLC,,,,,"March 31, 2023",RealToken International 15040 Harper Ave Inc,$50.70,"$365,040.00","$365,040.00",100.00%
"4407 McClellan, Detroit, MI 48214","4407 McClellan, Detroit, MI 48214",Single Family,Gratiot Woods,2006,3 Beds / 1.5 Baths,Long-term,Fully Rented,Section 42,9.25%,$ 4.63 / year,"March 12, 2023",$ 50.07,"1,250",,,"$ 8,604.00",$ 717.00,- $ 234.70,- $ 57.36,- $ 14.34,- $ 100.00,- $ 13.00,- $ 50.00,,"$ 54,000.00","$ 6,259.33","$ 1,434.00",$ 500.00,$ 400.00,"$ 62,593.33",- $ 5.83,$ 482.30,"$ 5,787.60","$ 62,587.50",9.25%,"3,833",Poured Concrete,Shingle,Asphalt,Attached Garage,"1,310",Forced Air,None,B,Very well-maintained,Mutual Property Management LLC,REALTOKEN-S-4407-MCCLELLAN-AVE-DETROIT-MI,,https://gnosisscan.io/address/0x820629dB01bB56A62Bc75aEeF6EB8dfb0Eec1d04/transactions,https://gnosisscan.io/address/0x3bBA2B7D022118579E65F4d4B1857F639FC175Fc/transactions,"March 2, 2023",Realtoken International 4407 McClellan Ave Inc,$50.07,"$62,587.50","$62,587.50",100.00%
"18286 Oakfield Ave, Detroit, MI 48235","18286 Oakfield Ave, Detroit, MI 48235",Single Family,College Park,1941,3 Beds / 1 Bath,Long-term,Fully Rented,No,9.24%,$ 4.62 / year,"May 1, 2023",$ 49.97,"1,200",,,"$ 9,396.00",$ 783.00,- $ 321.30,- $ 62.64,- $ 15.66,- $ 110.00,- $ 95.00,- $ 38.00,,"$ 49,900.00","$ 5,996.22","$ 1,566.00","$ 1,500.00","$ 1,000.00","$ 59,962.22",$ 1.78,$ 461.70,"$ 5,540.40","$ 59,964.00",9.24%,"5,227",Masonry,Brick,Asphalt,,726,Gas / Forced air,Central,C,Partial,Mutual Property Management LLC,,,,,"March 31, 2023",RealToken International 18286 Oakfield Ave Inc,$49.97,"$59,964.00","$59,964.00",100.00%
"3784 Seneca St, Detroit, MI 48214","3784 Seneca St, Detroit, MI 48214",Single Family,Pingree Park,2007,3 Beds / 1 Bath,Long-term,Fully Rented,Section 42,9.36%,$ 4.69 / year,"March 12, 2023",$ 50.09,"1,250",,,"$ 8,688.00",$ 724.00,- $ 235.40,- $ 57.92,- $ 14.48,- $ 100.00,- $ 13.00,- $ 50.00,,"$ 54,000.00","$ 6,260.89","$ 1,448.00",$ 500.00,$ 400.00,"$ 62,608.89",$ 3.61,$ 488.60,"$ 5,863.20","$ 62,612.50",9.36%,"4,356",Poured Concrete,Brick & Siding,Asphalt,Attached Garage,"1,344",Forced Air,None,C,Well-maintained,Mutual Property Management LLC,REALTOKEN-S-3784-SENECA-ST-DETROIT-MI,,https://gnosisscan.io/address/0xA9e20a86d66493FD146abb9A1f946864773Ce0ae/transactions,https://gnosisscan.io/address/0x1f745c080240aeb30c31cf07bc353d6b020f628f/transactions,"February 23, 2023",RealToken International 3784 Seneca St Inc,$50.09,"$62,612.50","$62,612.50",100.00%
"3851 McClellan Ave, Detroit, MI 48214","3851 McClellan Ave, Detroit, MI 48214",Single Family,Gratiot Woods,2006,3 Beds / 1.5 Baths,Long-term,Fully Rented,Section 42,9.33%,$ 4.67 / year,"March 12, 2023",$ 50.08,"1,250",,,"$ 8,664.00",$ 722.00,- $ 235.20,- $ 57.76,- $ 14.44,- $ 100.00,- $ 13.00,- $ 50.00,,"$ 54,000.00","$ 6,260.44","$ 1,444.00",$ 500.00,$ 400.00,"$ 62,604.44",- $ 4.44,$ 486.80,"$ 5,841.60","$ 62,600.00",9.33%,"3,485",Poured Concrete,Wood Siding / Brick / Shingle,Asphalt,Attached Garage,"1,296",Forced Air,None,B,Well-maintained,Mutual Property Management LLC,REALTOKEN-S-3851-MCCLELLAN-AVE-DETROIT-MI,,https://gnosisscan.io/address/0xb5fb9e224A5Cc76E61928eA7985d251520a5579c/transactions,https://gnosisscan.io/address/0x525f73bC16D85069B6C7D329d693C8ec4Ec9d7D9/transactions,"March 2, 2023",RealToken International 3851 McClellan Ave Inc,$50.08,"$62,600.00","$62,600.00",100.00%
"6582 Bewick St, Detroit, MI 48213","6582 Bewick St, Detroit, MI 48213",Multi Family,Coleman Young Airport,1926,8x1 Beds / 8x1 Baths,Long-term,Fully Rented,No,9.70%,$ 4.77 / year,"March 12, 2023",$ 49.17,"7,500",,,"$ 65,400.00","$ 5,450.00","- $ 2,470.00",- $ 436.00,- $ 109.00,- $ 600.00,- $ 500.00,- $ 125.00,- $ 700.00,"$ 260,000.00","$ 36,877.78","$ 10,900.00","$ 60,000.00","$ 1,000.00","$ 368,777.78",- $ 2.78,"$ 2,980.00","$ 35,760.00","$ 368,775.00",9.70%,"4,356",Concrete Block,Brick,Rubber,Street parking,"4,508",Forced Air,None,C,Not Renovated,Mutual Property Management LLC,REALTOKEN-S-6582-BEWICK-ST-DETROIT-MI,,https://gnosisscan.io/address/0x86b4f8135A39DC349A963969F33C3D030726cf61/transactions,https://gnosisscan.io/address/0x3080c813D05500DA1e93592dAe0390FDe03F186d/transactions,"February 10, 2023",RealToken International 6582 Bewick St Inc,$49.17,"$368,775.00","$368,775.00",100.00%
"1 Holdings Belvidere St, Detroit, MI 48214","1 Holdings Belvidere St, Detroit, MI 48214",SFR Portfolio,Gratiot Woods,2006-2007,Various,Long-term,Fully Rented,Section 42,9.46%,$ 5.15 / year,"March 12, 2023",$ 54.45,"11,600",,,"$ 80,772.00","$ 6,731.00","- $ 1,754.10",- $ 538.48,- $ 134.62,- $ 750.00,- $ 111.00,- $ 220.00,,"$ 545,000.00","$ 63,162.44","$ 13,462.00","$ 9,000.00","$ 1,000.00","$ 631,624.44",- $ 4.44,"$ 4,976.90","$ 59,722.80","$ 631,620.00",9.46%,"45,080",Poured Concrete,Wood Siding / Brick / Shingle,Asphalt,Attached Garage,"13,530",Forced Air,None,B,Very well-maintained,Mutual Property Management LLC,REALTOKEN-S-1-HOLDINGS-BELVIDERE-ST-DETROIT-MI,,https://gnosisscan.io/address/0x016E0081FcAad345691027908D5044534BcA1946/transactions,https://gnosisscan.io/address/0x3c4aa73fe14b5c468ce343825a07ca6062dcd077/transactions,"February 23, 2023",RealToken International 1 Holdings Belvidere St Inc,$54.45,"$631,620.00","$631,620.00",100.00%
"1 Holdings Holcomb St, Detroit, MI 48214","1 Holdings Holcomb St, Detroit, MI 48214",SFR Portfolio,Gratiot Woods,2007,"(3 Beds, 1 Bath) x 17",Long-term,Fully Rented,Section 42,9.63%,$ 4.85 / year,"March 12, 2023",$ 50.37,"21,000",,,"$ 137,784.00","$ 11,482.00","- $ 2,994.20",- $ 918.56,- $ 229.64,"- $ 1,200.00",- $ 234.00,- $ 412.00,,"$ 910,000.00","$ 105,773.78","$ 22,964.00","$ 18,000.00","$ 1,000.00","$ 1,057,737.78",$ 32.22,"$ 8,487.80","$ 101,853.60","$ 1,057,770.00",9.63%,"84,719",Poured Concrete,"Wood Siding/Brick, Shingle",Asphalt,17 Attached,"22,337",Forced Air,None,B,Very Well maintained,Mutual Property Management LLC,REALTOKEN-S-1-HOLDINGS-HOLCOMB-ST-DETROIT-MI,,https://gnosisscan.io/address/0xB7c1C306bFf953dF8997cC8D91949B7AFf36772b/transactions,https://gnosisscan.io/address/0x026dc3968f48EfCD434c982c8d8BAF571Ac9e670/transactions,"February 10, 2023",RealToken International 1 Holdings Holcomb St Inc,$50.37,"$1,057,770.00","$1,057,770.00",100.00%
"1 Holdings Rohns St, Detroit, MI 48214","1 Holdings Rohns St, Detroit, MI 48214",SFR Portfolio,Gratiot Woods,2006-2007,(4 Beds / 2 Baths) x 4 ; (3 Beds / Bath) x 8,Long-term,Fully Rented,Section 42,9.89%,$ 4.99 / year,"March 12, 2023",$ 50.45,"15,200",,,"$ 103,284.00","$ 8,607.00","- $ 2,287.70",- $ 688.56,- $ 172.14,- $ 980.00,- $ 156.00,- $ 291.00,,"$ 660,000.00","$ 76,690.44","$ 17,214.00","$ 12,000.00","$ 1,000.00","$ 766,904.44",- $ 64.44,"$ 6,319.30","$ 75,831.60","$ 766,840.00",9.89%,"68,909",Poured Concrete,Wood Siding / Brick,Asphalt,Attached Garage,"16,266",Forced Air,None,B,Very well-maintained,Mutual Property Management LLC,REALTOKEN-S-1-HOLDINGS-ROHNS-ST-DETROIT-MI,,https://gnosisscan.io/address/0x6F0E040d9F02830c6eea5b287AD74369a9E5F1E1/transactions,https://gnosisscan.io/address/0x73224E1adc0B370933caBdaDD6cDF6532429D067/transactions,"February 16, 2023",RealToken International 1 Holdings Rohns St Inc,$50.45,"$766,840.00","$766,840.00",100.00%
"1890 Marloes Ave, East Cleveland, OH 44112","1890 Marloes Ave, East Cleveland, OH 44112",Multi Family,East Cleveland,1920,24x1 Beds / 24x1 Baths,Long-term,Fully Rented,No,0.00%,$ 0.00 / year,"March 15, 2023",$ 51.96,"22,500",,,$ 0.00,$ 0.00,"- $ 4,770.00",,,"- $ 1,800.00","- $ 1,400.00",- $ 470.00,"- $ 1,100.00","$ 900,000.00","$ 116,911.11","$ 31,200.00","$ 120,000.00","$ 1,000.00","$ 1,169,111.11",- $ 11.11,$ 0.00,$ 0.00,"$ 1,169,100.00",0.00%,"18,200",Masonry Block,Brick,Asphalt,Street parking,"21,588",Electric baseboard,None,C,Partial,"ORG Rentals, LLC",REALTOKEN-S-1890-MARLOES-AVE-EAST-CLEVELAND-OH,,https://gnosisscan.io/address/0x7524d382373c1a091789978A8b2C1DC707D2B213/transactions,https://gnosisscan.io/address/0x3e04d834Abf898E5F9CbFc79a90eDf25A33194a6/transactions,"February 14, 2023",RealToken International 1890 Marloes Ave Inc,$51.96,"$1,169,100.00","$1,169,100.00",100.00%
"4101 McClellan Ave, Detroit, MI 48214","4101 McClellan Ave, Detroit, MI 48214",Single Family,Gratiot Woods,2006,3 Beds / 1 Bath,Long-term,Fully Rented,Section 42,9.30%,$ 4.66 / year,"March 12, 2023",$ 50.08,"1,250",,,"$ 8,640.00",$ 720.00,- $ 235.00,- $ 57.60,- $ 14.40,- $ 100.00,- $ 13.00,- $ 50.00,,"$ 54,000.00","$ 6,260.00","$ 1,440.00",$ 500.00,$ 400.00,"$ 62,600.00",,$ 485.00,"$ 5,820.00","$ 62,600.00",9.30%,"9,888",Poured Concrete,Wood Siding / Brick / Shingle,Asphalt,Attached Garage,"1,320",Forced Air,None,B,Well-maintained,Mutual Property Management LLC,REALTOKEN-S-4101-MCCLELLAN-AVE-DETROIT-MI,,https://gnosisscan.io/address/0x47a544a460ED29D6622A6f6E68De7f873Cc30e67/transactions,https://gnosisscan.io/address/0x97E4e245C175Df19Df38c955a021aCD82B165581/transactions,"March 2, 2023",RealToken International 4101 McClellan Ave Inc,$50.08,"$62,600.00","$62,600.00",100.00%
"80 Colser Dr, Covington, GA 30016","80 Colser Dr, Covington, GA 30016",Single Family,Lakewood Estates,2008,"3 Bed, 2.5 Bath",Long-term,Fully Rented,No,7.16%,$ 3.61 / year,"May 1, 2023",$ 50.43,"4,800",,,"$ 23,400.00","$ 1,950.00",- $ 505.00,- $ 156.00,- $ 39.00,- $ 100.00,- $ 100.00,- $ 110.00,,"$ 218,000.00","$ 19,365.22","$ 3,900.00",,$ 800.02,"$ 242,065.24",- $ 1.24,"$ 1,445.00","$ 17,340.00","$ 242,064.00",7.16%,"1,307",Concrete Slab,Aluminum Siding,Composition,Garage,"1,524","Forced Air, Hot Water",Central A/C,B+,Entirely renovated,TBD,REALTOKEN-S-80-COLSER-DR-COVINGTON-GA,,https://gnosisscan.io/address/0x591882dC0581A69f377dF4CaD2CeE4E9855ef34D/transactions,https://gnosisscan.io/address/0x55CfdD46D20BdDC3c9BAC2B6eE618b3F9542356d/transactions,"March 16, 2023",RealToken International 80 Colser Dr Inc,$50.43,"$242,064.00","$242,064.00",100.00%
"10511 Whittier Ave, Detroit, MI 48224","10511 Whittier Ave, Detroit, MI 48224",Multi Family,Yorkshire Woods,1958,8x1 Bed / 8x1 Bath,Long-term,Fully Rented,Section 8,9.81%,$ 4.89 / year,"March 1, 2023",$ 49.90,"7,000",,,"$ 62,400.00","$ 5,200.00","- $ 2,345.00",- $ 416.00,- $ 104.00,- $ 330.00,- $ 600.00,- $ 195.00,- $ 700.00,"$ 293,000.00","$ 34,933.33","$ 10,400.00","$ 10,000.00","$ 1,000.00","$ 349,333.33",- $ 33.33,"$ 2,855.00","$ 34,260.00","$ 349,300.00",9.81%,"6,098",Concrete Slab,Brick,Shingles,Street parking,"6,496",Complete HVAC,None,C,Well-maintained,Mutual Property Management LLC,REALTOKEN-S-10511-WHITTIER-AVE-DETROIT-MI,,https://gnosisscan.io/address/0x88F37cEE57B669CC1557D4f353dC11c113873F0B/transactions,https://gnosisscan.io/address/0xf30EF087E12e32cF252A631e36C03bc54d7C933C/transactions,"January 31, 2023",RealToken International 10511 Whittier Ave Inc,$49.90,"$349,300.00","$349,300.00",100.00%
"10059 Britain St, Detroit, MI 48224","10059 Britain St, Detroit, MI 48224",Single Family,Yorkshire Woods,1930,4 Beds / 1.5 Bath,Long-term,Fully Rented,No,10.21%,$ 5.07 / year,"February 20, 2023",$ 49.69,"1,700",,,"$ 15,180.00","$ 1,265.00",- $ 546.50,- $ 101.20,- $ 25.30,- $ 100.00,- $ 150.00,- $ 50.00,- $ 120.00,"$ 70,000.00","$ 8,447.78","$ 2,530.00","$ 3,000.00",$ 500.00,"$ 84,477.78",- $ 4.78,$ 718.50,"$ 8,622.00","$ 84,473.00",10.21%,"4,356",Masonry,Brick,Asphalt,1 garage,"1,400",Forced Air,None,C,Entirely Renovated,Mutual Property Management LLC,REALTOKEN-S-10059-BRITAIN-ST-DETROIT-MI,,https://gnosisscan.io/address/0x0c84153FDcAfd65a4536c2d8d4856E6a6457fB21/transactions,https://gnosisscan.io/address/0x2055f7a7C6662460c47495ec8200805d8Ce533d0/transactions,"January 20, 2023",Realtoken International 10059 Britain St Inc,$49.69,"$84,473.00","$84,473.00",100.00%
"3280 W Boston Blvd, Detroit, MI 48206","3280 W Boston Blvd, Detroit, MI 48206",Multi Family,Dexter-Linwood,1948,10x2 Bed / 10x1 Bath,Long-term,Fully Rented,No,9.74%,$ 4.93 / year,"February 20, 2023",$ 50.62,"10,000",,,"$ 87,600.00","$ 7,300.00","- $ 3,190.00",- $ 584.00,- $ 146.00,- $ 700.00,- $ 760.00,- $ 250.00,- $ 750.00,"$ 395,000.00","$ 50,622.22","$ 14,600.00","$ 45,000.00","$ 1,000.00","$ 506,222.22",- $ 22.22,"$ 4,110.00","$ 49,320.00","$ 506,200.00",9.74%,"11,761",Masonry Block,Brick,Shingles,Street parking,"9,352",Forced Air / Gas,None,C,Partial,Mutual Property Management LLC,REALTOKEN-S-3280-W-BOSTON-BLVD-DETROIT-MI,,https://gnosisscan.io/address/0x12413a603d16893D8F406925289f206b3B974Cf0/transactions,https://gnosisscan.io/address/0xDDb223b38278907C244D00b09BAcf059d5a4306D/transactions,"January 20, 2023",RealToken International 3280 W Boston Blvd Inc,$50.62,"$506,200.00","$506,200.00",100.00%
"12050 Bryden St, Detroit, MI 48204","12050 Bryden St, Detroit, MI 48204",Multi Family,Oakman,1954,22x1 Bed / 22x1 Bath,Long-term,Fully Rented,No,9.76%,$ 4.92 / year,"March 1, 2023",$ 50.36,"20,000",,,"$ 165,000.00","$ 13,750.00","- $ 5,555.00","- $ 1,100.00",- $ 275.00,- $ 800.00,- $ 990.00,- $ 390.00,"- $ 2,000.00","$ 843,000.00","$ 100,722.22","$ 27,500.00","$ 35,000.00","$ 1,000.00","$ 1,007,222.22",- $ 22.22,"$ 8,195.00","$ 98,340.00","$ 1,007,200.00",9.76%,"16,117",Concrete,Brick,Shingles,Street parking,"11,544",Electric,None,C,Partial,Mutual Property Management LLC,REALTOKEN-S-12050-BRYDEN-ST-DETROIT-MI,,https://gnosisscan.io/address/0x1d9Fd5c3FbFd4758F22438a336068b813872cEfC/transactions,https://gnosisscan.io/address/0x61A0BA2EBf5212e02F8456Cc3EA358620dbeE71d/transactions,"January 26, 2023",RealToken International 12050 Bryden St Inc,$50.36,"$1,007,200.00","$1,007,200.00",100.00%
"625 Virginia St, Toledo, OH 43620","625 Virginia St, Toledo, OH 43620",Multi Family,Old West End,1912,5x2 Beds / 5x1.5 Baths,Long-term,Fully Rented,No,9.79%,$ 4.96 / year,"February 20, 2023",$ 50.64,"6,100",,,"$ 48,000.00","$ 4,000.00","- $ 1,480.00",- $ 320.00,- $ 80.00,- $ 625.00,- $ 250.00,- $ 130.00,- $ 75.00,"$ 237,000.00","$ 30,888.89","$ 8,000.00","$ 32,000.00","$ 1,000.00","$ 308,888.89",$ 15.11,"$ 2,520.00","$ 30,240.00","$ 308,904.00",9.79%,"5,052",Brick Masonry,Brick,Gable / Shingle with EPDM Membrane,Street Parking,"6,787",Forced Air / Gas,None,C,Partial,"ORG Rentals, LLC",REALTOKEN-S-625-VIRGINIA-ST-TOLEDO-OH,,https://gnosisscan.io/address/0x2F5BB131614d6C2BE8520E355752576Ad55416B4/transactions,https://gnosisscan.io/address/0x487D28a39EaF2A9926Da4033B6b08E4904d4F5Bd/transactions,"January 20, 2023",RealToken International 625 Virginia St Inc,$50.64,"$308,904.00","$308,904.00",100.00%
"305 Moss St, Highland Park, MI 48203","305 Moss St, Highland Park, MI 48203",Duplex,Highland Park,1945,2x3 Beds / 2x1 Bath,Long-term,Fully Rented,No,10.80%,$ 6.00 / year,"January 23, 2023",$ 55.56,"1,650",,,"$ 17,400.00","$ 1,450.00",- $ 625.00,- $ 116.00,- $ 29.00,- $ 120.00,- $ 150.00,- $ 60.00,- $ 150.00,"$ 64,000.00","$ 9,166.67","$ 2,900.00","$ 15,000.00",$ 600.00,"$ 91,666.67",$ 7.33,$ 825.00,"$ 9,900.00","$ 91,674.00",10.80%,"4,791",Masonry,Brick,Asphalt,Attached Garage,"2,600",Forced Air / Gas,None,C,Partial,Mutual Property Management LLC,REALTOKEN-S-305-MOSS-ST-HIGHLAND-PARK-MI,,https://gnosisscan.io/address/0x954f393fF46DA9cFc07A9052D7C669710cf48eD4/transactions,https://gnosisscan.io/address/0x14B55B84C2d2dAbbdB2628edf184c3b93D52b80A/transactions,"December 22, 2022",RealToken International 305 Moss St Inc,$55.56,"$91,674.00","$91,674.00",100.00%
"18438 Morang Ave, Detroit, MI 48205","18438 Morang Ave, Detroit, MI 48205",Commercial,Mapleridge,1941,0 Bed / 2 x 0.5 Bath,Long-term,Fully Rented,No,9.88%,$ 4.97 / year,"February 1, 2023",$ 50.24,"4,100",,,"$ 26,280.00","$ 2,190.00",- $ 493.30,- $ 109.50,- $ 43.80,- $ 50.00,- $ 190.00,- $ 100.00,,"$ 150,000.00","$ 20,597.78","$ 4,380.00","$ 30,000.00","$ 1,000.00","$ 205,977.78",$ 6.22,"$ 1,696.70","$ 20,360.40","$ 205,984.00",9.88%,"3,920",Concrete Slab,Brick,Asphalt,Large space in the back,"2,400",Forced Air / Gas,None,C,Partial,Mutual Property Management LLC,REALTOKEN-S-18438-MORANG-AVE-DETROIT-MI,,https://gnosisscan.io/address/0x458b169D6D9D5d021d61013E3A01bF7dee29DD90/transactions,https://gnosisscan.io/address/0x0ECb324E736637412E122Fb99Ea42e701C293F23/transactions,"January 13, 2023",RealToken International 18438 Morang Ave Inc,$50.24,"$205,984.00","$205,984.00",100.00%
"4239 Alter Rd, Detroit, MI 48215","4239 Alter Rd, Detroit, MI 48215",Multi Family,Fox Creek,1923,12x1 Beds / 12x1.5 Baths,Long-term,Fully Rented,No,9.87%,$ 4.99 / year,"February 13, 2023",$ 50.56,"10,900",,,"$ 119,760.00","$ 9,980.00","- $ 5,448.00",- $ 798.40,- $ 199.60,"- $ 1,550.00",- $ 600.00,- $ 300.00,"- $ 2,000.00","$ 440,000.00","$ 55,106.67","$ 19,960.00","$ 35,000.00","$ 1,000.00","$ 551,066.67",$ 37.33,"$ 4,532.00","$ 54,384.00","$ 551,104.00",9.87%,"4,356",Masonry,Brick,Asphalt,8 Parking spaces,"8,000",Forced Air / Gas,None,C,Partial,Mutual Property Management LLC,REALTOKEN-S-4239-ALTER-RD-DETROIT-MI,,https://gnosisscan.io/address/0x3AC16e7177a55D5fd8F8aB58263D1c764D462fDE/transactions,https://gnosisscan.io/address/0x2a22dA5e063Ab9da9453c7477eef804497a713ff/transactions,"January 13, 2023",RealToken International 4239 Alter Rd Inc,$50.56,"$551,104.00","$551,104.00",100.00%
"7501 Stockton St, Detroit, MI 48234","7501 Stockton St, Detroit, MI 48234",Quadplex,Grant,1934,4x1 Bed / 4x1 Bath,Long-term,Fully Rented,No,9.95%,$ 5.03 / year,"February 1, 2023",$ 50.51,"4,900",,,"$ 41,760.00","$ 3,480.00","- $ 1,428.00",- $ 278.40,- $ 69.60,- $ 400.00,- $ 150.00,- $ 105.00,- $ 425.00,"$ 205,000.00","$ 24,751.11","$ 6,960.00","$ 10,000.00",$ 800.00,"$ 247,511.11",- $ 12.11,"$ 2,052.00","$ 24,624.00","$ 247,499.00",9.95%,"3,877",Masonry Block,Brick,Asphalt,1 garage,"2,671",Forced Air / Gas,None,C,Yes,Mutual Property Management LLC,REALTOKEN-S-7501-STOCKTON-ST-DETROIT-MI,,https://gnosisscan.io/address/0xA6231A14bDB99ba817c211558FA8ebB2A74B959a/transactions,https://gnosisscan.io/address/0xd7A891f63f9f247F1E70E03B768Ee125af51Ca1E/transactions,"January 6, 2023",RealToken International 7501 Stockton St Inc,$50.51,"$247,499.00","$247,499.00",100.00%
"12580 Maiden St, Detroit, MI 48213","12580 Maiden St, Detroit, MI 48213",Single Family,Wade,1939,4 Beds / 1.5 Bath,Long-term,Fully Rented,No,10.25%,$ 5.20 / year,"February 1, 2023",$ 50.77,"1,750",,,"$ 15,360.00","$ 1,280.00",- $ 521.00,- $ 102.40,- $ 25.60,- $ 110.00,- $ 155.00,- $ 48.00,- $ 80.00,"$ 72,000.00","$ 8,884.44","$ 2,560.00","$ 5,000.00",$ 400.00,"$ 88,844.44",$ 3.06,$ 759.00,"$ 9,108.00","$ 88,847.50",10.25%,"3,920",Masonry,Brick,Asphalt,Attached Garage,"1,213",Forced Air / Gas,None,C,Fully Renovated,Mutual Property Management LLC,REALTOKEN-S-12580-MAIDEN-ST-DETROIT-MI,,https://gnosisscan.io/address/0x59dE64861dDF9309bE2d03d647d21C7a7609e384/transactions,https://gnosisscan.io/address/0xcb94870955B8992B2F12e953F87092804FF78F38/transactions,"December 29, 2022",RealToken International 12580 Maiden St Inc,$50.77,"$88,847.50","$88,847.50",100.00%
"(D) 17204 Bradford Ave, Detroit, MI 48205","17204 Bradford Ave, Detroit, MI 48205",Single Family,Van Steuban,1939,3 Bed/ 1 Bath,Long-term,Fully Rented,No,10.62%,$ 5.15 / year,"October 1, 2022",$ 48.50,"1,300",100,1200,"$ 11,040.00",$ 920.00,- $ 362.00,- $ 73.60,- $ 18.40,- $ 110.00,- $ 120.00,- $ 40.00,,"$ 51,000.00","$ 6,304.44","$ 1,840.00","$ 3,500.00",$ 400.00,"$ 63,044.44",$ 5.56,$ 558.00,"$ 6,696.00","$ 63,050.00",10.62%,"4,356",Masonry,Brick,Asphalt,1 Space,967,Forced Air / Gas,AC Central,C,Partial,Mutual Property Management LLC,REALTOKEN-D-17204-BRADFORD-AVE-DETROIT-MI,,https://gnosisscan.io/address/0x9d4cF0316442e23eAc10AAFE4423305685597F78/transactions,https://gnosisscan.io/address/0x7DF33029f1e9368082E9007aAB9704408Af0de84/transactions,"August 25, 2022","RealToken 17204 Bradford Ave, Inc",$48.50,"$4,850.00","$4,850.00",7.69%
"(D) 616 E 131st St, Cleveland, OH 44108","616 E 131st St, Cleveland, OH 44108",Duplex,Forest Hill,1921,2x3 Bed / 2x1 Bath,Long-term,Fully Rented,No,11.81%,$ 5.95 / year,"August 1, 2022",$ 50.37,"2,250",440,1810,"$ 19,800.00","$ 1,650.00",- $ 535.00,- $ 132.00,- $ 33.00,- $ 100.00,- $ 125.00,- $ 45.00,- $ 100.00,"$ 56,000.00","$ 11,233.33","$ 2,100.00","$ 41,000.00","$ 1,000.00","$ 112,333.33",$ 999.17,"$ 1,115.00","$ 13,380.00","$ 113,332.50",11.81%,"4,995",Masonry Block,Brick,Asphalt,"2 Spaces, Detached Garage","1,613",Forced Air / Gas,None,C,Rehab,"ORG Rentals, LLC",REALTOKEN-D-616-E-131ST-ST-CLEVELAND-OH,,https://gnosisscan.io/address/0x97Cc36Cd93c8A4933c5870768B49F073062477a1/transactions,https://gnosisscan.io/address/0xdb58ab39fd0ae05dbe0edd07174688d4db068ab5/transactions,"July 8, 2022","RealToken 616 E 131st St, Inc",$50.37,"$21,969.20","$21,969.20",19.56%